adjudication_id,mdr_report_keys,mdr_report_count,manufacturer,brand_model,mechanism_class,adjudication_status,clinical_device_phenotype
BAT2026-001,25026429,1,BOSTON SCIENTIFIC CORPORATION,DYNAGEN EL ICD VR D150,INTERNAL_SHORT_UNSPECIFIED,PROBABLE_DEVICE_DATA,LOW_VOLTAGE_ALERT
BAT2026-002,24345105,1,BIOTRONIK SE & CO. KG,RIVACOR 5 VR-T DX DF4 PROMRI 429564,INTERNAL_INSULATION_DAMAGE_SHORT,CONFIRMED_CELL_MECHANISM,ERI_EOS
BAT2026-003,24225430,1,MEDTRONIC PUERTO RICO OPERATIONS CO.,VISIA AF MRI XT VR SURESCAN DVFB1D4,LITHIUM_PLATING_SHORT,CONFIRMED_CELL_MECHANISM,PREMATURE_DEPLETION
BAT2026-004,24589841,1,MEDTRONIC PUERTO RICO OPERATIONS CO.,VISIA AF MRI XT VR SURESCAN DVFB1D1,LITHIUM_PLATING_SHORT,CONFIRMED_CELL_MECHANISM,PREMATURE_DEPLETION
BAT2026-005,25322557,1,BIOTRONIK SE & CO. KG,ACTICOR 7 VR-T DX DF4 PROMRI 429525,INTERNAL_INSULATION_DAMAGE_SHORT,CONFIRMED_CELL_MECHANISM,ERI_EOS
BAT2026-006,25461511,1,MEDTRONIC PUERTO RICO OPERATIONS CO.,VISIA AF XT VR DVAB1D4,LITHIUM_PLATING_SHORT,CONFIRMED_CELL_MECHANISM,PREMATURE_DEPLETION;ERI_EOS
BAT2026-007,24003960,1,BIOTRONIK SE & CO. KG,IFORIA 5 VR-T PROMRI DF-1 390119,INTERNAL_SELF_DEPLETION_UNSPECIFIED,CONFIRMED_CELL_MECHANISM,ERI_EOS
BAT2026-008,24054114,1,BIOTRONIK SE & CO. KG,RIVACOR 7 HF-T QP DF4 IS4 PROMRI 429532,INTERNAL_INSULATION_DAMAGE_SHORT,CONFIRMED_CELL_MECHANISM,ERI_EOS
BAT2026-009,24627280,1,MEDTRONIC EUROPE SARL,EVERA¿ S VR DVBC3D4,LITHIUM_PLATING_SHORT,CONFIRMED_CELL_MECHANISM,PREMATURE_DEPLETION
BAT2026-010,23981516,1,MEDTRONIC PUERTO RICO OPERATIONS CO.,EVERA MRI XT DR SURESCAN DDMB1D1,LITHIUM_PLATING_SHORT,CONFIRMED_CELL_MECHANISM,PREMATURE_DEPLETION;NO_INTERROGATION
BAT2026-011,25474423,1,MEDTRONIC PUERTO RICO OPERATIONS CO.,VISIA AF MRI XT VR SURESCAN DVFB1D4,LITHIUM_PLATING_SHORT,CONFIRMED_CELL_MECHANISM,PREMATURE_DEPLETION
BAT2026-012,24308973,1,BOSTON SCIENTIFIC CORPORATION,RESONATE EL ICD DR D433,LATENT_ANODE_CATHODE_LEAKAGE,CONFIRMED_CELL_MECHANISM,LOW_VOLTAGE_ALERT
BAT2026-013,23995770,1,MEDTRONIC PUERTO RICO OPERATIONS CO.,CLARIA MRI QUAD CRT-D SURESCAN DTMA1QQ,LITHIUM_PLATING_SHORT,CONFIRMED_CELL_MECHANISM,PREMATURE_DEPLETION;NO_INTERROGATION
BAT2026-014,24254893,1,"ST. JUDE MEDICAL, INC.(CRM-SYLMAR)","FORTIFY ASSURA VR ICD, US CD1357-40Q",LITHIUM_CLUSTER_SHORT,PROBABLE_CELL_MECHANISM,PREMATURE_DEPLETION
BAT2026-015,24594160;25365151,2,MEDTRONIC PUERTO RICO OPERATIONS CO.,VISIA AF MRI XT VR SURESCAN DVFB1D4,LITHIUM_PLATING_SHORT,CONFIRMED_CELL_MECHANISM,PREMATURE_DEPLETION
BAT2026-016,25861887,1,BIOTRONIK SE & CO. KG,EFFECTA DR 371199,INTERNAL_SHORT_UNSPECIFIED,CONFIRMED_CELL_MECHANISM,ERI_EOS
BAT2026-017,24254258,1,BOSTON SCIENTIFIC CORPORATION,RESONATE? HF ICD DR D533,COPPER_DENDRITE_SEPARATOR_BREACH_SHORT,CONFIRMED_CELL_MECHANISM,PREMATURE_DEPLETION;NO_INTERROGATION
BAT2026-018,24122788,1,"ST. JUDE MEDICAL, INC.(CRM-SYLMAR)","FORTIFY ASSURA VR ICD, US CD1357-40Q",LITHIUM_CLUSTER_SHORT,PROBABLE_CELL_MECHANISM,PREMATURE_DEPLETION
BAT2026-019,24293436,1,"MEDTRONIC, INC.",Viva Quad XT CRT-D DTBA1Q1,LITHIUM_PLATING_SHORT,CONFIRMED_CELL_MECHANISM,PREMATURE_DEPLETION;NO_INTERROGATION
BAT2026-020,24700484,1,BIOTRONIK SE & CO. KG,ITREVIA 7 VR-T DF-1 PROMRI 393038,INTERNAL_SELF_DEPLETION_UNSPECIFIED,CONFIRMED_CELL_MECHANISM,NO_INTERROGATION
BAT2026-021,24370300,1,ABBOTT,QUADRA ASSURA MP ICD CD3371-40QC,LITHIUM_CLUSTER_WITH_SILVER_CONTAMINATION,CONFIRMED_CELL_MECHANISM,ERI_EOS;POWER_ON_RESET_BACKUP
BAT2026-022,24205101;25126084,2,"ST. JUDE MEDICAL, INC.(CRM-SYLMAR)","FORTIFY ASSURA VR ICD, US CD1357-40C",LITHIUM_CLUSTER_SHORT,PROBABLE_CELL_MECHANISM,PREMATURE_DEPLETION
BAT2026-023,24474855,1,"ST. JUDE MEDICAL, INC.(CRM-SYLMAR)","FORTIFY ASSURA VR ICD, US CD1359-40QC",LITHIUM_CLUSTER_SHORT,PROBABLE_CELL_MECHANISM,PREMATURE_DEPLETION;ERI_EOS;NO_INTERROGATION
BAT2026-024,24210812,1,BIOTRONIK SE & CO. KG,RIVACOR 7 DR-T DF4 PROMRI 429534,INTERNAL_INSULATION_DAMAGE_SHORT,CONFIRMED_CELL_MECHANISM,ERI_EOS
BAT2026-025,24221408,1,"ST. JUDE MEDICAL, INC.(CRM-SYLMAR)","FORTIFY ASSURA VR ICD, US CD1357-40C",LITHIUM_CLUSTER_SHORT,PROBABLE_CELL_MECHANISM,PREMATURE_DEPLETION
BAT2026-026,23974789,1,MEDTRONIC PUERTO RICO OPERATIONS CO.,VISIA AF MRI XT VR SURESCAN DVFB1D4,LITHIUM_PLATING_SHORT,CONFIRMED_CELL_MECHANISM,PREMATURE_DEPLETION
BAT2026-027,24163981,1,MEDTRONIC EUROPE SARL,VISIA AF MRI XT VR SURESCAN DVFB2D4,LITHIUM_PLATING_SHORT,CONFIRMED_CELL_MECHANISM,PREMATURE_DEPLETION
BAT2026-028,24339208,1,BIOTRONIK SE & CO. KG,INTICA 5 HF-T QP DF4 IS4 PROMRI 404685,LITHIUM_PLATING_INCIDENTAL,MECHANISM_RULED_OUT,ERI_EOS
BAT2026-029,24247655,1,BIOTRONIK SE & CO. KG,ETRINSA 8 SR-T PROMRI 394978,INTERNAL_SHORT_UNSPECIFIED,CONFIRMED_CELL_MECHANISM,ERI_EOS
BAT2026-030,24345052,1,BIOTRONIK SE & CO. KG,RIVACOR 7 VR-T DX DF4 PROMRI 429535,INTERNAL_INSULATION_DAMAGE_SHORT,CONFIRMED_CELL_MECHANISM,NO_INTERROGATION
BAT2026-031,24254276,1,"ST. JUDE MEDICAL, INC.(CRM-SYLMAR)","FORTIFY ASSURA VR ICD, US CD1357-40Q",LITHIUM_CLUSTER_SHORT,PROBABLE_CELL_MECHANISM,PREMATURE_DEPLETION
BAT2026-032,24248725,1,MEDTRONIC EUROPE SARL,VISIA AF MRI XT VR SURESCAN DVFB2D4,LITHIUM_PLATING_SHORT,CONFIRMED_CELL_MECHANISM,PREMATURE_DEPLETION
BAT2026-033,24757292,1,BOSTON SCIENTIFIC CORPORATION,DYNAGEN EL ICD VR D150,LATENT_ANODE_CATHODE_LEAKAGE,CONFIRMED_CELL_MECHANISM,LOW_VOLTAGE_ALERT
BAT2026-034,23960335,1,BIOTRONIK SE & CO. KG,ECURO DR PROMRI 377365,INTERNAL_SHORT_UNSPECIFIED,CONFIRMED_CELL_MECHANISM,ERI_EOS
BAT2026-035,24256703,1,BOSTON SCIENTIFIC CORPORATION,VIGILANT EL ICD DR D233,LATENT_ANODE_CATHODE_LEAKAGE,CONFIRMED_CELL_MECHANISM,LOW_VOLTAGE_ALERT
BAT2026-036,24837211,1,BIOTRONIK SE & CO. KG,ECURO DR PROMRI 377365,INTERNAL_SHORT_UNSPECIFIED,CONFIRMED_CELL_MECHANISM,ERI_EOS
BAT2026-037,24175731,1,BOSTON SCIENTIFIC CORPORATION,RESONATE EL ICD DR D433,LATENT_ANODE_CATHODE_LEAKAGE,CONFIRMED_CELL_MECHANISM,LOW_VOLTAGE_ALERT
BAT2026-038,50304645,1,BOSTON SCIENTIFIC CORPORATION,INOGEN EL ICD VR D140,INTERNAL_SHORT_UNSPECIFIED,PROBABLE_DEVICE_DATA,LOW_VOLTAGE_ALERT
BAT2026-039,24086297,1,BIOTRONIK SE & CO. KG,RIVACOR 7 VR-T DF4 PROMRI 429536,INTERNAL_SELF_DEPLETION_UNSPECIFIED,CONFIRMED_CELL_MECHANISM,ERI_EOS
BAT2026-040,24415995,1,BIOTRONIK SE & CO. KG,ACTICOR 7 DR-T DF4 PROMRI 429524,INTERNAL_INSULATION_DAMAGE_SHORT,CONFIRMED_CELL_MECHANISM,ERI_EOS
BAT2026-041,25861896,1,BIOTRONIK SE & CO. KG,ESTELLA DR PROMRI 377381,INTERNAL_SHORT_UNSPECIFIED,CONFIRMED_CELL_MECHANISM,ERI_EOS
BAT2026-042,24714520,1,ABBOTT,"CURRENT PLUS VR, DF-4 CONNECTOR CD1211-36Q",LITHIUM_CLUSTER_SHORT,CONFIRMED_CELL_MECHANISM,PREMATURE_DEPLETION;ERI_EOS
