adjudication_id,mdr_report_keys,mdr_report_count,report_year,manufacturer,brand_model,interface_scope,mechanism_class,adjudication_status,design_attribution_layer,electrical_manifestation,clinical_consequence,intervention,connector_standard,evidence_basis,notes
EVT2026-001,25189482;25189540,2,2026,Medtronic,Sprint Quattro Secure S 6935M + Crome HF Quad CRT-D,lead_terminal_to_header,LEAD_PIN_UNDERSEATED,CONFIRMED_INTERFACE_CLINICAL,procedural_connection,connector-port problem / loss of seating,none reported,pocket reopened; lead removed and fully reinserted,DF4,Direct surgical inspection found RV lead not fully seated; correction was reseating.,Two MDR keys describe the same clinical event; count once.
EVT2026-002,24683571,1,2026,Abbott/St Jude,Assurity MRI PM2272,header_contact_system,HEADER_CONTACT_SPRING_DISPLACED,CONFIRMED_INTERFACE_RETURNED_PRODUCT,header_contact,lead could not fully insert,none reported,generator replaced,UNRESOLVED,Returned-product analysis found RV contact spring displaced from ring slot and blocking the connector bore.,No header dimensional anomaly found; whether spring geometry predisposed is unresolved.
EVT2026-003,24379840,1,2026,Medtronic,Cobalt XT HF Quad CRT-D DTPA2Q1,generator_header_internal,HEADER_INTERNAL_OPEN_CONNECTION,CONFIRMED_HEADER_RETURNED_PRODUCT,generator_header_internal,noise + undefined high pacing impedance,none reported,generator replaced,UNRESOLVED,Returned-device analysis traced failure to open RV-tip connection; no weld at interconnect ribbon to setscrew block.,Not a lead-pin contact failure; retain as distinct header-internal mechanism.
EVT2026-004,23971096,1,2026,Abbott/St Jude,Assurity MRI PM2272,connector_bore,CONNECTOR_BORE_BLOOD_ADHESION,CONFIRMED_INTERFACE_RETURNED_PRODUCT,procedural_contamination,failure to disconnect chronic leads,none reported,header broken to remove leads; generator replaced,UNRESOLVED,Returned-product analysis found blood in atrial and ventricular connector bores bonding lead surfaces to bore.,Manufacturer attributed blood to inadequate cleaning of proximal lead before original insertion; not seal failure.
EVT2026-005,24127582,1,2026,Abbott/St Jude,Assurity RF DR PM2240,connector_bore,CONNECTOR_BORE_BLOOD_ADHESION,CONFIRMED_INTERFACE_RETURNED_PRODUCT,procedural_contamination,atrial lead could not be removed,none reported,header mechanically removed/chipped; generator replaced,UNRESOLVED,Returned-product analysis confirmed blood accumulation in atrial connector-port zones causing adhesion.,Setscrew was not causal.
EVT2026-006,24527037,1,2026,Abbott/St Jude,Identity XL DR 5376,setscrew_septum,CALCIFIED_BLOOD_IN_SETSCREW_CAVITY,CONFIRMED_INTERFACE_RETURNED_PRODUCT,procedural_contamination,setscrew could not be loosened,none reported,generator replaced,UNRESOLVED,Analysis found calcified blood filling setscrew cavity via a torque-wrench puncture in the septum.,Distinct chronic interface-aging/contamination phenotype.
EVT2026-007,23979279,1,2026,Abbott/St Jude,Assurity MRI PM2272,header_case_feedthrough,HEADER_BOND_HERMETIC_BREACH,CONFIRMED_GENERATOR_PACKAGE_RETURNED_PRODUCT,generator_package,telemetry loss reported; premature depletion suspected but not confirmed,follow-up found device non-interrogable,generator explanted/replaced,UNRESOLVED,"Analysis found header bonding anomaly, body fluid at connector bore, feedthrough damage, hermeticity breach, and fluid ingress to internal electronics; battery/current drain normal.",Do not count as lead-terminal/header-contact failure; important adjacent generator-package mechanism.
EVT2026-008,24264350,1,2026,Abbott/St Jude,Gallant DR CDDRA500Q,setscrew_driver_interface,STRIPPED_SETSCREW_WITH_SEPTUM_MATERIAL,CONFIRMED_INTERFACE_RETURNED_PRODUCT,procedural_connection,loose/intermittent connection,none reported,device not used; replaced,UNRESOLVED,Returned-product analysis confirmed stripped atrial setscrew with septum material preventing full torque-driver insertion.,Anomaly considered procedure-associated.
EVT2026-009,24507262,1,2026,Abbott,Neutrino NXT HF CDHFA600Q,setscrew_driver_interface,STRIPPED_SETSCREW_WITH_SEPTUM_MATERIAL,CONFIRMED_INTERFACE_RETURNED_PRODUCT,procedural_connection,loose/intermittent connection; high impedance reported,none reported,device replaced,UNRESOLVED,Returned-product analysis confirmed stripped RV setscrew and septum material preventing full driver insertion.,High impedance itself was not confirmed on analysis.
EVT2026-010,24635549,1,2026,Abbott,Quadra Allure MP CRT-P PM3562,setscrew_driver_interface,ROUNDED_SETSCREW_INSET,CONFIRMED_INTERFACE_RETURNED_PRODUCT,procedural_connection,setscrew could not secure LV lead,none reported,device replaced,UNRESOLVED,Mechanical analysis found rounded LV setscrew inset with grooves consistent with incorrect wrench insertion.,"Procedure-associated, not spontaneous late interface failure."
EVT2026-011,24525523,1,2026,Abbott,Quadra Allure MP CRT-P PM3562,setscrew_bore,SETSCREW_BLOCKING_LEAD_INSERTION,CONFIRMED_INTERFACE_RETURNED_PRODUCT,procedural_connection,LV lead could not be inserted/secured,none reported,new generator used,UNRESOLVED,"Analysis found LV setscrew turned down into connector port, physically blocking lead insertion; function restored after backing it out.",Manufacturer classified as user-related.
EVT2026-012,24438676,1,2026,Abbott,Entrant HF CDHFA300Q,setscrew_driver_interface,STRIPPED_SETSCREW,CONFIRMED_INTERFACE_RETURNED_PRODUCT,procedural_connection,setscrew could not be tightened,none reported,device replaced,UNRESOLVED,Returned-product visual analysis found stripped RV setscrew; header bore dimensions normal.,Consistent with procedural damage.
EVT2026-013,25665728,1,2026,Medtronic,Cobalt DR MRI SureScan DDPB3D1,lead_terminal_to_header,CHRONIC_LEAD_INSERTION_FIT_PROBLEM,PROBABLE_INTERFACE,unresolved_interface,high impedance + high thresholds when lead incompletely seated,none reported,candidate generator not implanted; another generator used,UNRESOLVED,Chronic lead could not be fully seated in replacement generator port despite repeated attempts; abnormal measurements occurred only in that device.,Needs exact lead model and returned-device analysis before assigning header vs lead-terminal cause.
EVT2026-014,24926996,1,2026,Boston Scientific,Momentum EL ICD DR D121,lead_terminal_to_header,IS1_TERMINAL_FIT_FRICTION,PROBABLE_LEAD_TERMINAL_INTERFACE,lead_terminal,terminal pin would not pass setscrew block; no electrical failure,none reported,sterile mineral oil enabled full seating,IS-1 (explicit in narrative),RV IS-1 terminal appeared larger than atrial terminal; same RV terminal initially failed in both new ICD ports while atrial lead fit both.,More consistent with terminal fit/friction than generator-header defect.
EVT2026-015,25174114,1,2026,Medtronic,Percepta Quad CRT-P W4TR01,generator_header_contact_path,DEVICE_SPECIFIC_HIGH_IMPEDANCE_WITH_NORMAL_ANALYZER,PROBABLE_INTERFACE,generator_header,high/undefined pacing impedance on several vectors,none reported,old CRT-P replaced; same lead normal with new device,UNRESOLVED,Lead tested normally on analyzer; repeated reseating into first generator retained high impedance; new generator produced normal impedance.,Strong device/header localization but no returned-product root cause in available narrative.
EVT2026-016,25001897,1,2026,Medtronic,Sprint Quattro Secure S 6935M with CRT-D,lead_terminal_to_header,INTERMITTENT_HEADER_RETENTION_OR_CONTACT,PROBABLE_INTERFACE,generator_header_or_connection,noise + pacing impedance swings; pocket manipulation reproducible,therapies deactivated; no patient complication reported,pocket opened; lead reconnected; generator replaced,DF4,Lead tested normally on analyzer; after reconnection some noise persisted and gentle traction once disengaged lead from header; new generator tested normally.,Highly relevant late interface phenotype; exact setscrew/contact root cause unresolved.
EVT2026-017,23957955;23957974,2,2026,Medtronic,Crome VR ICD + Sprint Quattro Secure S 6935M,lead_terminal_to_header,HEADER_CONNECTION_EVALUATED_NORMAL,INTERFACE_RULED_OUT_CLINICAL,lead_body_or_unresolved,high RV pacing impedance,none reported,RV lead explanted/replaced; generator retained,DF4,Connection was directly evaluated: lead fully seated and stable during push/pull; generator remained in use.,Two MDR keys describe same event; useful negative control against assuming high impedance = header problem.
EVT2026-018,24405163,1,2026,Boston Scientific,EMBLEM S-ICD electrode 3501,near_terminal_lead_body,NEAR_TERMINAL_CONDUCTOR_FATIGUE_FRACTURE,INTERFACE_RULED_OUT_RETURNED_PRODUCT,lead_body,non-physiological noise / oversensing,one inappropriate shock,electrode explanted,S-ICD proprietary connector,Returned-electrode analysis found cyclic-fatigue fracture with sharp curves ~25 mm from terminal pin.,Header-adjacent presentation but root cause was lead-body fracture.
EVT2026-019,24282969;24283314,2,2026,Boston Scientific,EMBLEM MRI S-ICD A219 + electrode 3501,header_differential,POST_IMPLANT_NOISE_WITH_AIR_ENTRAPMENT_DIFFERENTIAL,INTERFACE_NOT_CONFIRMED,signal_only,oversensed non-physiological noise,two inappropriate shocks,reprogrammed to secondary vector; continued evaluation,S-ICD proprietary connector,Imaging showed appropriate electrode insertion and possible air entrapment; header insertion was part of differential but not supported.,Two MDR keys describe same event; retain as mimic/signal-only control.
EVT2026-020,24958063;24958078,2,2026,Boston Scientific,EMBLEM S-ICD A209 + electrode 3501,lead_terminal_to_header,ELECTRODE_UNDERINSERTION,CONFIRMED_INTERFACE_IMAGING,procedural_connection,noise / oversensing; Smart Pass disabled,no adverse effect reported in available narrative,revision; electrode explanted/replaced,S-ICD proprietary connector,Technical Services ultimately reviewed imaging and confirmed electrode was not fully inserted into header.,Two MDR keys likely same event; strong imaging-confirmed seating example.
EVT2026-021,24680388,1,2026,Medtronic,Cobalt XT VR MRI SureScan DVPA2D1,setscrew_header_block,SETSCREW_FAILED_TO_RETAIN_FULLY_INSERTED_LEAD,PROBABLE_INTERFACE,generator_header,lead dislodged from header block despite full insertion,none reported,generator removed/replaced,UNRESOLVED,"Chronic lead tip was visible at end of bore, yet tightening repeatedly failed to retain lead until intermittent engagement.",Suggests setscrew/header mechanical issue; no returned analysis in available narrative.
EVT2026-022,25151222,1,2026,Medtronic,Cobalt XT HF CRT-D DTPA2D4,setscrew_driver_interface,SETSCREW_WRENCH_ENGAGEMENT_FAILURE,PROBABLE_INTERFACE,generator_header,difficulty engaging setscrew; difficulty disconnecting RV lead,none reported,generator replaced,UNRESOLVED,Multiple setscrew/wrench engagement failures occurred in one generator; new generator accepted all leads normally.,Root cause not confirmed.
EVT2026-023,24476208,1,2026,Medtronic,Cobalt XT DR MRI SureScan DDPA2D4,lead_terminal_to_header,LEAD_PIN_INSERTION_FAILURE_SUSPECT_SETSCREW,PROBABLE_INTERFACE,generator_header,lead pin would not fully insert; difficulty removing it,none reported,generator replaced; same lead connected easily to new device,UNRESOLVED,Failure localized to one generator by successful connection to replacement device; setscrew suspected clinically.,No returned-product confirmation in available narrative.
EVT2026-024,23987184,1,2026,Abbott,Endurity Core DR PM2152,connector_bore,DRIED_BLOOD_IN_CONNECTOR_BORE,CONFIRMED_CONTAMINATION_NOT_FAILURE,procedural_contamination,none attributable,none reported,generator replaced during unrelated procedure,UNRESOLVED,Small amount of dried blood confirmed in ventricular connector bore; device analysis otherwise normal.,Important negative control: contamination can be present without clinically relevant connector malfunction.
EVT2026-025,25053911,1,2026,Abbott,Gallant HF CDHFA500Q,mixed_event,PROCEDURAL_SETSCREW_LOSS_DURING_REVISION,MIXED_EVENT_SECONDARY_INTERFACE_PROBLEM,procedural_connection,original RV noise/pacing inhibition plus later inability to tighten replacement RV lead,dizziness; pacemaker-dependent pacing inhibition,RA/RV leads and generator replaced,UNRESOLVED,Manufacturer did not confirm original loose/intermittent connection; later found ventricular setscrew missing from socket due counter-clockwise over-rotation during procedure.,Do not attribute original noise to header merely because a separate procedural setscrew problem occurred during revision.
EVT2026-026,25159194,1,2026,Medtronic,Sprint Quattro Secure S 6935M,lead_terminal_to_header,SUSPECTED_HEADER_SPRING_CONTACT_OR_RING,INTERFACE_NOT_CONFIRMED,generator_header_or_lead_terminal,"progressive high shock impedance; pacing/sensing normal",none reported,"in-clinic pocket manipulation and shock EGM evaluation recommended",DF4,"Shock impedance rose over 3–5 months while bipolar pacing/sensing remained normal; Medtronic Technical Services specifically raised header or spring-contact-to-lead-ring mechanism but said pattern was not classic fretting.",High-value late/in-service hypothesis case; lead remained in service and no root cause was confirmed.
